,prediction,real
2012,1375242.9999999998,1375199
2013,1383043.9999999995,1382793
2014,1390882.9999999993,1390110
2015,1398759.9999999988,1397029
2016,1406674.9999999984,1403500
2017,1414627.999999998,1409517
2018,1422618.9999999972,1415046
2019,1430647.9999999965,1420062
2020,1438714.9999999958,1424548
2021,1446819.9999999949,1428481
