,MAPE,RMSE
0,0.4348630271075628,8638.8558733176
