,prediction,real
2012,1263025.0228825114,1263066
2013,1278353.3417846821,1278562
2014,1293229.9117478284,1293859
2015,1307656.1344963238,1309054
2016,1321622.8489935922,1324171
2017,1335111.6910855537,1339180
2018,1348099.562188309,1354052
2019,1360563.0044110594,1368738
2020,1372481.1240711284,1383198
2021,1383836.4566256336,1397423
