,MAPE,RMSE
0,0.3455108030600228,6535.647386944912
