,prediction,real
2012,248892.63383261632,248883
2013,252081.34719979993,252032
2014,255278.402696534,255131
2015,258487.3657218611,258162
2016,261710.14713952364,261115
2017,264946.8581263495,263991
2018,268196.2617195839,266795
2019,271456.5315858154,269536
2020,274725.98877394234,272223
2021,278003.5920560144,274854
