,MAPE,RMSE
0,0.4100392676820168,1524.297941376112
