,prediction,real
2012,313331.72984890075,313335
2013,315521.73324945144,315537
2014,317662.44234767865,317719
2015,319780.6343743285,319929
2016,321889.0653831873,322180
2017,323982.74812571896,324459
2018,326049.15012664796,326767
2019,328070.56700658775,329093
2020,330033.9509907853,331432
2021,331930.4397263478,333783
