,MAPE,RMSE
0,0.1814347665351559,853.4700908563576
