,MAPE,RMSE,Country
0,43.49%,8638.8558733176,China
1,34.55%,6535.647386944912,India
2,18.14%,853.4700908563576,United States of America
3,41.00%,1524.297941376112,Indonesia
