,MAPE,RMSE,Country
0,0.4348630271075628,8638855.8733176,China
1,0.3455108030600228,6535647.386944911,India
2,0.1814347665351559,853470.0908563576,United States of America
3,0.4100392676820168,1524297.941376112,Indonesia
